<?xml version="1.0" encoding="UTF-8"?>
<project-private xmlns="http://www.netbeans.org/ns/project-private/1">
    <editor-bookmarks xmlns="http://www.netbeans.org/ns/editor-bookmarks/2" lastBookmarkId="0"/>
    <open-files xmlns="http://www.netbeans.org/ns/projectui-open-files/2">
        <group>
            <file>file:/home/utkarsh/f/Project/Project/1LANENGINE/src/Instruction1.java</file>
            <file>file:/home/utkarsh/f/Project/Project/1LANENGINE/src/endpage.java</file>
            <file>file:/home/utkarsh/f/Project/Project/1LANENGINE/src/feedback.java</file>
            <file>file:/home/utkarsh/f/Project/Project/1LANENGINE/src/lanengine.java</file>
            <file>file:/home/utkarsh/f/Project/Project/1LANENGINE/src/NewJFrame.java</file>
            <file>file:/home/utkarsh/f/Project/Project/1LANENGINE/src/login.java</file>
        </group>
    </open-files>
</project-private>
